gen,form,total_gb,kit,new_lots,new_sellers,new_min,new_p25,new_fast,new_med,new_p75,new_eur_gb,used_lots,used_sellers,used_min,used_p25,used_fast,used_med,used_p75,used_eur_gb,top_brands,top_speeds,vel_sampled,vel_active,vel_sold_total,vel_median_units_per_week_per_listing,vel_sum_units_per_week,cross_fast_landed,cross_best_vs_de_new
ddr2,udimm,4,1x,0,0,,,,,,,1,1,14.8,,14.8,14.8,,3.7,Elixir:1,,0,0,0,,,,
ddr2,udimm,4,kit,0,0,,,,,,,1,1,41.19,,41.19,41.19,,10.3,other:1,,0,0,0,,,,
ddr3,server,2,1x,0,0,,,,,,,2,2,8.05,,9.88,9.88,,4.94,SK Hynix:1; Samsung:1,1333:2,0,0,0,,,,
ddr3,server,4,1x,111,1,22.9,,22.9,22.9,,5.72,292,21,4.39,6.11,5.8,7.7,11.43,1.93,Supermicro:96; HP:64; Samsung:58; other:46,1333:377; 1600:15; 1066:8,8,5,11,0.0,0.0,,
ddr3,server,8,1x,48,3,11.7,,19.9,19.9,,2.49,138,60,6.0,9.9,6.95,12.93,19.0,1.62,Samsung:61; other:38; SK Hynix:21; Micron:17,1333:114; 1600:40; 1066:20,8,4,27,0.02,0.2,,
ddr3,server,8,kit,1,1,11.79,,11.79,11.79,,1.47,7,7,8.6,10.0,11.8,13.18,25.99,1.65,HP:3; Samsung:3; Nanya:1; Kingston:1,1333:4; 1600:1,0,0,0,,,,
ddr3,server,12,kit,0,0,,,,,,,2,1,22.98,,22.98,22.98,,1.92,Kingston:2,1333:2,0,0,0,,,,
ddr3,server,16,1x,13,5,24.99,24.99,34.9,34.9,41.04,2.18,538,31,7.9,19.0,12.49,22.85,28.0,1.43,Supermicro:199; Micron:151; SK Hynix:80; other:26,1600:344; 1866:184; 1333:15,8,5,29,0.15,3.4,,
ddr3,server,16,kit,2,2,14.99,,33.99,33.99,,2.12,24,20,12.9,19.62,15.7,24.6,44.93,1.54,Samsung:8; SK Hynix:4; Kingston:3; HP:3,1333:12; 1600:10; 1066:2,0,0,0,,,,
ddr3,server,24,1x,0,0,,,,,,,1,1,200.0,,200.0,200.0,,8.33,Apple:1,,0,0,0,,,,
ddr3,server,24,kit,0,0,,,,,,,6,6,21.19,23.97,29.99,30.59,41.58,1.27,SK Hynix:2; Samsung:1; Dell:1; other:1,1333:3; 1600:1; 1866:1,0,0,0,,,,
ddr3,server,32,1x,1,1,39.0,,39.0,39.0,,1.22,6,4,7.9,13.58,33.31,33.31,46.49,1.04,Samsung:3; other:1; HP:1; Micron:1,1333:4; 1066:1,0,0,0,,,,
ddr3,server,32,kit,1,1,53.9,,53.9,53.9,,1.68,24,20,21.0,29.29,25.19,36.14,51.65,1.13,Samsung:9; SK Hynix:5; other:5; Lenovo:2,1600:9; 1333:9; 1066:1,0,0,0,,,,
ddr3,server,48,kit,0,0,,,,,,,2,2,34.59,,39.84,39.84,,0.83,Kingston:1; Micron:1,,0,0,0,,,,
ddr3,server,64,1x,0,0,,,,,,,1,1,56.19,,56.19,56.19,,0.88,Samsung:1,1600:1,0,0,0,,,,
ddr3,server,64,kit,0,0,,,,,,,7,5,42.0,51.5,66.8,66.8,89.7,1.04,Samsung:1; Crucial:1; SK Hynix:1; other:1,1600:4; 1866:2; 1066:1,0,0,0,,,,
ddr3,server,96,kit,0,0,,,,,,,1,1,70.0,,70.0,70.0,,0.73,Samsung:1,1600:1,0,0,0,,,,
ddr3,server,128,kit,28,1,195.0,,195.0,195.0,,1.52,2,2,155.19,,174.59,174.59,,1.36,other:28; HP:1; SK Hynix:1,1600:29; 1066:1,0,0,0,,,,
ddr3,sodimm,1,1x,0,0,,,,,,,18,17,3.33,4.87,4.8,6.0,7.79,6.0,other:6; Micron:5; SK Hynix:4; Elpida:2,1066:8; 1333:7,0,0,0,,,,
ddr3,sodimm,2,1x,4,3,8.1,,10.99,10.99,,5.5,235,94,3.29,6.07,3.74,8.62,11.8,4.31,other:41; Lenovo:40; Samsung:39; SK Hynix:27,1333:131; 1600:31; 1066:26,8,8,147,0.03,0.7,,
ddr3,sodimm,2,kit,0,0,,,,,,,5,4,5.6,5.72,7.0,7.0,10.83,3.5,SK Hynix:3; Transcend:1; Samsung:1,1066:4; 1333:1,0,0,0,,,,
ddr3,sodimm,4,1x,52,15,8.0,11.79,11.0,12.58,20.8,3.15,203,104,5.99,8.48,6.49,9.99,11.97,2.5,other:68; SK Hynix:45; Samsung:43; Kingston:25,1600:151; 1333:48; 1066:14,8,6,432,0.59,3.5,,
ddr3,sodimm,4,kit,4,4,11.8,12.1,15.0,15.0,23.16,3.75,71,59,4.2,7.0,5.99,10.6,14.85,2.65,Samsung:25; other:16; SK Hynix:11; Elpida:7,1333:30; 1066:19; 1600:10,8,5,23,0.0,0.1,,
ddr3,sodimm,8,1x,48,30,17.99,26.34,21.1,34.22,43.04,4.28,114,43,15.0,20.95,16.6,24.9,30.18,3.11,other:55; Samsung:22; Kingston:16; SK Hynix:12,1600:86; 1866:8; 1333:7,8,4,1959,0.04,6.3,,
ddr3,sodimm,8,kit,408,17,15.19,28.2,21.79,29.19,44.58,3.65,235,68,7.45,15.34,10.0,18.95,22.87,2.37,other:226; Samsung:134; HP:45; ASUS:34,1600:328; 1333:166; 1066:18,8,3,57,0.14,0.3,,
ddr3,sodimm,12,kit,0,0,,,,,,,3,3,20.19,,25.79,25.79,,2.15,other:2; SK Hynix:1,1600:2,0,0,0,,,,
ddr3,sodimm,16,1x,12,8,59.9,81.16,87.95,87.99,126.23,5.5,1,1,51.8,,51.8,51.8,,3.24,other:12; Crucial:1,1600:9; 1333:2,0,0,0,,,,
ddr3,sodimm,16,kit,243,32,43.44,46.07,43.67,62.49,78.42,3.91,25,18,26.19,39.5,27.69,47.0,51.73,2.94,other:78; Lenovo:28; HP:24; Samsung:20,1600:87; 1333:16; 1866:3,8,5,746,0.38,3.3,AT:43; FR:97; IT:41; ES:39; NL:39; GB:48; US:37,0.85
ddr3,sodimm,32,1x,1,1,136.95,,136.95,136.95,,4.28,0,0,,,,,,,other:1,1600:1,0,0,0,,,,
ddr3,sodimm,32,kit,8,4,89.25,89.53,92.19,92.19,122.64,2.88,5,4,60.0,67.3,94.59,94.59,106.75,2.96,Crucial:4; Samsung:4; Corsair:2; Micron:1,1600:7; 1333:3; 1866:1,0,0,0,,,,
ddr3,sodimm-ecc,2,1x,0,0,,,,,,,2,1,3.59,,3.59,3.59,,1.79,Samsung:2,1066:1; 1333:1,0,0,0,,,,
ddr3,sodimm-ecc,4,1x,0,0,,,,,,,1,1,10.99,,10.99,10.99,,2.75,Kingston:1,1333:1,0,0,0,,,,
ddr3,sodimm-ecc,4,kit,0,0,,,,,,,1,1,19.95,,19.95,19.95,,4.99,Elpida:1,1333:1,0,0,0,,,,
ddr3,sodimm-ecc,8,1x,2,2,45.99,,49.99,49.99,,6.25,3,2,17.9,,20.45,20.45,,2.56,other:5,1600:2; 1333:2,0,0,0,,,,
ddr3,sodimm-ecc,8,kit,0,0,,,,,,,1,1,29.95,,29.95,29.95,,3.74,Nanya:1,1600:1,0,0,0,,,,
ddr3,sodimm-ecc,16,1x,3,3,70.99,,96.95,96.95,,6.06,0,0,,,,,,,other:3,1600:3,0,0,0,,,,
ddr3,sodimm-ecc,16,kit,5,5,78.1,83.04,87.99,87.99,99.93,5.5,0,0,,,,,,,other:5,1600:4; 1333:1,0,0,0,,,,
ddr3,udimm,1,1x,5,3,13.99,,17.25,17.25,,17.25,10,8,7.17,10.07,10.89,12.38,16.41,12.38,Kingston:8; Samsung:2; Micron:2; SK Hynix:1,1333:8; 1066:7,0,0,0,,,,
ddr3,udimm,2,1x,10,8,4.9,6.05,6.8,12.4,18.27,6.2,54,37,5.7,8.6,5.9,11.4,13.95,5.7,other:10; Kingston:10; Samsung:8; Micron:8,1333:34; 1600:15; 1066:4,8,4,762,0.0,1.2,,
ddr3,udimm,4,1x,38,15,6.85,12.9,8.9,18.0,24.4,4.5,118,73,5.13,7.79,5.8,10.7,14.23,2.67,Kingston:28; Samsung:27; other:23; SK Hynix:18,1600:81; 1333:54; 1066:3,8,6,3175,0.01,8.7,,
ddr3,udimm,4,kit,4,4,11.45,12.46,17.7,17.7,42.7,4.42,26,24,6.79,9.8,9.2,13.52,17.98,3.38,Kingston:9; Samsung:4; SK Hynix:4; G.Skill:3,1333:16; 1600:6; 1066:4,8,2,300,0.29,0.6,,
ddr3,udimm,8,1x,119,19,17.4,21.0,18.9,29.95,45.99,3.74,59,30,11.8,16.69,13.95,18.5,27.9,2.31,other:92; Samsung:15; HP:14; Crucial:12,1600:133; 1333:27; 1866:5,8,4,186,0.09,2.0,,
ddr3,udimm,8,kit,575,24,12.5,20.3,16.99,33.05,47.82,4.13,260,176,8.8,14.85,9.8,18.21,22.19,2.28,Samsung:431; other:72; Kingston:63; Corsair:55,1600:345; 1333:293; 1066:30,8,6,364,0.0,0.5,,
ddr3,udimm,12,kit,1,1,104.9,,104.9,104.9,,8.74,4,3,16.5,,16.79,16.79,,1.4,SK Hynix:2; other:1; Kingston:1; Samsung:1,1333:2; 1600:2,0,0,0,,,,
ddr3,udimm,16,1x,11,7,59.9,76.95,81.99,87.99,102.95,5.5,6,5,22.4,26.55,35.49,35.49,64.94,2.22,other:12; Samsung:3; Corsair:1; HyperX:1,1600:10; 1066:2; 1866:1,0,0,0,,,,
ddr3,udimm,16,kit,306,41,31.95,49.45,32.07,73.99,103.66,4.62,185,131,12.99,29.75,14.89,36.8,50.19,2.3,other:146; G.Skill:40; Samsung:38; Corsair:38,1600:224; 1333:78; 1866:30,8,6,235,0.01,0.8,AT:35; FR:95; IT:32; ES:33; NL:36; GB:41; US:36,1.0
ddr3,udimm,24,kit,2,1,69.9,,69.9,69.9,,2.91,3,3,19.0,,26.09,26.09,,1.09,Kingston:3; other:1; Samsung:1,1333:3,0,0,0,,,,
ddr3,udimm,32,1x,0,0,,,,,,,6,2,14.64,,26.19,26.19,,0.82,other:5; Micron:1,1333:6,0,0,0,,,,
ddr3,udimm,32,kit,37,9,96.5,118.45,136.99,186.19,290.98,5.82,24,17,32.0,48.0,36.09,86.99,103.34,2.72,other:23; Samsung:11; Kingston:9; HP:5,1600:43; 1333:4; 2133:3,8,4,51,0.04,1.1,,
ddr3,udimm-ecc,2,1x,0,0,,,,,,,3,3,9.0,,10.5,10.5,,5.25,Nanya:2; HP:1,1333:2; 1600:1,0,0,0,,,,
ddr3,udimm-ecc,4,1x,0,0,,,,,,,7,6,6.8,7.36,7.74,8.12,13.59,2.03,SK Hynix:2; Ramaxel:1; Kingston:1; other:1,1600:4; 1333:3,0,0,0,,,,
ddr3,udimm-ecc,8,1x,2,2,27.57,,40.78,40.78,,5.1,3,3,16.1,,16.66,16.66,,2.08,other:2; Timetec:1; Kingston:1; Micron:1,1600:2; 1866:1; 1333:1,0,0,0,,,,
ddr3,udimm-ecc,8,kit,1,1,43.0,,43.0,43.0,,5.38,5,5,13.6,16.3,21.5,21.5,38.3,2.69,Kingston:2; Samsung:1; Nanya:1; HP:1,1600:3; 1333:3,0,0,0,,,,
ddr3,udimm-ecc,16,kit,4,4,49.0,53.36,73.2,73.2,183.48,4.58,11,9,19.98,26.54,28.09,34.19,48.04,2.14,Samsung:4; SK Hynix:3; Kingston:3; G.Skill:2,1600:7; 1333:3; 1066:1,0,0,0,,,,
ddr3,udimm-ecc,32,kit,1,1,93.5,,93.5,93.5,,2.92,9,4,47.9,48.4,52.4,52.4,56.99,1.64,other:7; Apple:1; Kingston:1; SK Hynix:1,1333:5; 1600:2; 1866:2,0,0,0,,,,
ddr4,server,4,1x,2,1,127.0,,127.0,127.0,,31.75,1,1,26.9,,26.9,26.9,,6.72,Kingston:2; SK Hynix:1,2133:1,0,0,0,,,,
ddr4,server,8,1x,7,3,46.9,,48.95,48.95,,6.12,63,40,21.99,26.85,22.9,31.25,41.35,3.91,Samsung:22; SK Hynix:20; Micron:11; HP:5,2133:22; 2400:17; 2666:15,8,4,12,0.28,1.9,,
ddr4,server,8,kit,0,0,,,,,,,2,2,37.9,,41.94,41.94,,5.24,Transcend:2,2133:2,0,0,0,,,,
ddr4,server,16,1x,29,13,77.95,88.19,85.19,99.0,130.54,6.19,337,65,39.0,56.02,42.9,66.18,91.19,4.14,Supermicro:105; Micron:54; SK Hynix:45; Samsung:43,2133:181; 2666:113; 2400:46,8,7,24,0.02,0.6,,
ddr4,server,16,kit,0,0,,,,,,,6,6,36.19,45.8,53.0,54.48,73.54,3.4,Samsung:5; SK Hynix:1,2400:2; 2133:2; 2666:1,0,0,0,,,,
ddr4,server,32,1x,12,7,154.99,174.19,215.0,219.0,300.0,6.84,66,43,94.18,137.37,106.19,166.99,229.0,5.22,Samsung:29; Micron:13; SK Hynix:9; Dell:5,2133:25; 2666:14; 2400:11,8,7,38,0.01,1.8,,
ddr4,server,32,kit,1,1,295.0,,295.0,295.0,,9.22,16,12,86.19,105.41,105.19,108.05,147.25,3.38,SK Hynix:12; Samsung:2; Apple:1; Kingston:1,2666:8; 2133:3; 2933:2,0,0,0,,,,
ddr4,server,48,kit,2,2,179.99,,239.5,239.5,,4.99,0,0,,,,,,,other:2,2933:2,0,0,0,,,,
ddr4,server,64,1x,111,4,299.0,411.5,1024.4,1024.4,1347.29,16.01,13,10,249.0,445.8,499.0,555.49,749.25,8.68,other:55; Samsung:48; Dell:7; SK Hynix:5,3200:104; 2933:11; 2400:4,0,0,0,,,,
ddr4,server,64,kit,49,5,286.19,342.1,437.5,437.5,927.6,6.84,456,8,171.19,211.2,227.42,239.45,373.2,3.74,Micron:156; SK Hynix:124; Supermicro:96; Lenovo:40,2133:476; 2400:21; 2666:3,0,0,0,,,,
ddr4,server,96,kit,1,1,899.0,,899.0,899.0,,9.36,0,0,,,,,,,Apple:1,2933:1,0,0,0,,,,
ddr4,server,128,1x,3,3,606.19,,1499.95,1499.95,,11.72,2,2,799.0,,881.95,881.95,,6.89,other:2; Lenovo:1; SK Hynix:1; Samsung:1,2933:2; 3200:2,0,0,0,,,,
ddr4,server,128,kit,4,2,775.0,,990.49,990.49,,7.74,460,6,395.99,410.62,429.0,442.49,626.15,3.46,Micron:154; SK Hynix:137; Supermicro:87; Lenovo:42,2133:454; 2933:2; 2666:2,0,0,0,,,,
ddr4,server,192,kit,0,0,,,,,,,1,1,606.19,,606.19,606.19,,3.16,other:1,2400:1,0,0,0,,,,
ddr4,server,256,1x,1,1,3028.98,,3028.98,3028.98,,11.83,0,0,,,,,,,Samsung:1,,0,0,0,,,,
ddr4,server,256,kit,268,2,1390.0,,1698.1,1698.1,,6.63,1,1,1250.0,,1250.0,1250.0,,4.88,other:212; Supermicro:35; ASUS:9; HP:7,2933:240; 2666:27; 3200:2,0,0,0,,,,
ddr4,server,512,kit,186,1,4199.0,,4199.0,4199.0,,8.2,0,0,,,,,,,other:154; Supermicro:17; HP:11; Samsung:2,3200:164; 2933:22,0,0,0,,,,
ddr4,sodimm,2,1x,1,1,17.99,,17.99,17.99,,8.99,8,6,9.5,10.48,11.48,11.69,13.58,5.85,SK Hynix:5; Transcend:2; ADATA/XPG:1; Apacer:1,2400:3; 2133:2; 2666:2,0,0,0,,,,
ddr4,sodimm,4,1x,92,32,12.0,18.9,16.18,24.7,36.19,6.17,211,119,10.9,15.77,11.99,18.9,22.89,4.72,other:69; SK Hynix:61; Samsung:55; Micron:28,2400:108; 2666:62; 2133:57,8,7,467,0.02,2.0,AT:24; IT:24; ES:28; NL:32; GB:27; US:41,1.51
ddr4,sodimm,4,kit,2,2,14.99,,17.89,17.89,,4.47,1,1,13.74,,13.74,13.74,,3.44,ADATA/XPG:2; other:1,2400:2,0,0,0,,,,
ddr4,sodimm,8,1x,873,96,32.8,47.96,34.0,60.0,81.48,7.5,294,151,22.48,33.1,27.0,37.38,44.19,4.67,Crucial:320; other:221; Samsung:167; Kingston:94,3200:630; 2666:173; 2400:166,8,7,3,0.0,0.0,AT:54; FR:54; IT:36; ES:47; NL:48; GB:43; US:59,1.06
ddr4,sodimm,8,kit,76,11,26.8,34.32,34.32,46.09,79.98,5.76,55,48,23.35,29.79,24.38,32.35,37.84,4.04,other:73; Samsung:20; SK Hynix:14; Micron:11,2400:49; 2666:40; 2133:26,8,3,0,0.0,0.0,,
ddr4,sodimm,12,1x,0,0,,,,,,,1,1,51.8,,51.8,51.8,,4.32,Crucial:1,2400:1,0,0,0,,,,
ddr4,sodimm,16,1x,781,91,65.99,94.99,75.19,109.68,140.15,6.86,167,116,54.19,69.99,59.99,79.54,95.04,4.97,other:295; Crucial:136; Samsung:111; Kingston:66,3200:468; 2666:198; 2400:150,8,7,10,0.0,0.1,AT:96; FR:161; IT:85; ES:84; NL:84; GB:115; US:107,1.12
ddr4,sodimm,16,kit,279,41,61.89,86.3,70.0,112.75,150.74,7.05,90,71,45.0,66.18,52.9,76.19,93.78,4.76,other:206; Samsung:60; SK Hynix:18; Crucial:14,3200:153; 2666:86; 2400:66,8,6,22,0.02,0.2,AT:96; IT:96; ES:106; NL:106; GB:115; US:134,1.38
ddr4,sodimm,32,1x,369,35,130.0,199.9,148.0,255.56,361.94,7.99,40,33,126.19,156.19,143.74,175.0,187.69,5.47,other:226; Samsung:47; HP:30; Kingston:29,3200:270; 2666:63; 2400:52,8,6,31,0.01,0.2,AT:160; IT:195; ES:160; NL:160; GB:220; US:203,1.08
ddr4,sodimm,32,kit,387,27,110.0,185.19,156.19,229.0,287.19,7.16,55,46,97.9,146.16,121.19,156.0,188.39,4.87,other:268; Samsung:23; Crucial:22; HP:17,3200:160; 2666:114; 2400:67,8,4,37,0.02,0.2,,
ddr4,sodimm,48,kit,0,0,,,,,,,1,1,229.99,,229.99,229.99,,4.79,Micron:1,2666:1,0,0,0,,,,
ddr4,sodimm,64,1x,6,5,706.19,796.77,940.94,940.94,1192.67,14.7,7,4,306.19,306.39,353.5,353.5,481.75,5.52,Kingston:5; Crucial:2; Corsair:2; other:2,3200:6; 2400:2; 2666:2,0,0,0,,,,
ddr4,sodimm,64,kit,253,13,298.0,377.1,355.19,419.99,670.59,6.56,20,17,306.19,325.69,315.0,356.19,390.09,5.57,other:196; HP:25; Crucial:17; Apple:7,3200:165; 2666:63; 2400:38,8,4,77,0.12,0.5,,
ddr4,sodimm,128,kit,1,1,775.0,,775.0,775.0,,6.05,0,0,,,,,,,Apple:1,2666:1,0,0,0,,,,
ddr4,sodimm-ecc,4,1x,0,0,,,,,,,1,1,21.18,,21.18,21.18,,5.29,other:1,3200:1,0,0,0,,,,
ddr4,sodimm-ecc,8,1x,10,9,66.64,82.11,86.87,117.94,159.5,14.74,3,3,29.1,,99.5,99.5,,12.44,other:3; Kingston:3; Crucial:2; Lenovo:2,3200:7; 2666:2; 2400:1,0,0,0,,,,
ddr4,sodimm-ecc,16,1x,23,12,96.19,102.34,102.34,181.03,249.0,11.31,8,7,55.19,66.18,75.19,76.19,106.19,4.76,Kingston:8; other:8; Crucial:5; QNAP/Synology:3,2666:13; 3200:12; 2933:1,0,0,0,,,,
ddr4,sodimm-ecc,32,1x,7,4,318.5,331.14,394.53,394.53,492.75,12.33,1,1,155.19,,155.19,155.19,,4.85,Kingston:4; QNAP/Synology:1; other:1; SK Hynix:1,3200:6; 2666:1; 2933:1,0,0,0,,,,
ddr4,sodimm-ecc,32,kit,1,1,193.97,,193.97,193.97,,6.06,1,1,99.0,,99.0,99.0,,3.09,Crucial:1; Apple:1,3200:1; 2666:1,0,0,0,,,,
ddr4,sodimm-ecc,64,kit,1,1,629.0,,629.0,629.0,,9.83,0,0,,,,,,,other:1,3200:1,0,0,0,,,,
ddr4,sodimm-ecc,128,kit,0,0,,,,,,,1,1,699.9,,699.9,699.9,,5.47,other:1,2666:1,0,0,0,,,,
ddr4,udimm,2,1x,0,0,,,,,,,1,1,11.0,,11.0,11.0,,5.5,Transcend:1,2400:1,0,0,0,,,,
ddr4,udimm,4,1x,18,12,13.2,21.45,20.8,28.3,62.65,7.07,79,49,9.6,15.0,11.79,17.2,21.5,4.3,Samsung:27; SK Hynix:17; Micron:14; Kingston:11,2400:40; 2133:23; 2666:18,8,5,58,0.05,0.8,,
ddr4,udimm,8,1x,60,28,29.0,52.32,32.9,77.47,108.91,9.68,131,77,25.0,31.99,25.19,37.8,45.19,4.72,Samsung:32; SK Hynix:28; Kingston:25; Micron:24,2666:54; 2400:49; 2133:33,8,4,27,0.0,0.1,,
ddr4,udimm,8,kit,15,11,29.9,46.19,46.19,59.98,79.99,7.5,34,30,19.99,35.11,27.1,41.49,49.96,5.19,G.Skill:13; Kingston:8; Crucial:8; other:5,2400:17; 2133:10; 2666:4,8,4,21,0.03,0.2,,
ddr4,udimm,12,1x,0,0,,,,,,,1,1,77.4,,77.4,77.4,,6.45,other:1,,0,0,0,,,,
ddr4,udimm,16,1x,219,28,74.89,97.14,78.75,125.97,154.13,7.87,48,37,54.19,70.44,56.19,82.4,97.44,5.15,Samsung:103; other:59; Crucial:18; Kingston:18,2666:101; 3200:83; 2400:37,8,4,113,0.07,1.9,,
ddr4,udimm,16,kit,180,55,59.5,119.0,82.0,146.18,165.0,9.14,165,140,42.75,75.26,49.9,90.0,106.19,5.62,G.Skill:96; other:42; Kingston:39; Corsair:37,3200:113; 2400:51; 2666:38,8,5,16,0.0,0.2,AT:106; IT:99; ES:106; NL:106; GB:147; US:108,1.21
ddr4,udimm,32,1x,121,14,150.45,182.12,169.9,262.1,334.75,8.19,6,5,105.19,128.09,155.19,155.19,229.78,4.85,Samsung:67; other:22; HP:6; Corsair:6,2666:57; 3200:55; 2400:3,0,0,0,,,,
ddr4,udimm,32,kit,288,55,159.99,219.98,174.9,256.21,284.44,8.01,112,87,105.19,165.0,106.5,197.19,231.19,6.16,G.Skill:97; other:87; Kingston:60; Corsair:58,3200:136; 2666:80; 3600:45,8,7,75,0.03,0.9,AT:177; IT:164; ES:151; NL:151; GB:195; US:177,0.86
ddr4,udimm,48,1x,0,0,,,,,,,1,1,184.19,,184.19,184.19,,3.84,Zadak:1,3200:1,0,0,0,,,,
ddr4,udimm,64,1x,2,1,531.17,,531.17,531.17,,8.3,4,3,306.19,,333.33,333.33,,5.21,Kingston:2; TeamGroup:2; Corsair:1; Crucial:1,3200:5; 3600:1,0,0,0,,,,
ddr4,udimm,64,kit,193,20,369.0,491.72,409.0,519.49,619.88,8.12,16,16,296.19,359.64,326.09,426.19,515.37,6.66,other:116; Kingston:23; Corsair:16; G.Skill:15,2666:86; 3200:74; 3600:11,8,5,152,0.4,1.2,,
ddr4,udimm,128,1x,1,1,2911.0,,2911.0,2911.0,,22.74,0,0,,,,,,,Kingston:1,3600:1,0,0,0,,,,
ddr4,udimm,128,kit,6,2,975.0,,1657.5,1657.5,,12.95,1,1,999.0,,999.0,999.0,,7.8,other:4; Kingston:2; Patriot:1,3200:5,0,0,0,,,,
ddr4,udimm-ecc,4,1x,0,0,,,,,,,1,1,18.99,,18.99,18.99,,4.75,SK Hynix:1,2666:1,0,0,0,,,,
ddr4,udimm-ecc,8,1x,3,3,57.99,,64.0,64.0,,8.0,1,1,26.19,,26.19,26.19,,3.27,Samsung:2; other:1; SK Hynix:1,2666:2; 3200:1; 2133:1,0,0,0,,,,
ddr4,udimm-ecc,8,kit,0,0,,,,,,,1,1,23.28,,23.28,23.28,,2.91,Ramaxel:1,2133:1,0,0,0,,,,
ddr4,udimm-ecc,16,1x,8,2,78.9,,143.4,143.4,,8.96,1,1,66.0,,66.0,66.0,,4.12,other:4; QNAP/Synology:2; Samsung:1; Lenovo:1,2666:6; 2400:2,0,0,0,,,,
ddr4,udimm-ecc,16,kit,3,3,86.19,,144.46,144.46,,9.03,0,0,,,,,,,G.Skill:2; other:1,3200:3,0,0,0,,,,
ddr4,udimm-ecc,24,kit,0,0,,,,,,,1,1,86.18,,86.18,86.18,,3.59,Micron:1,2400:1,0,0,0,,,,
ddr4,udimm-ecc,32,1x,2,2,229.0,,273.75,273.75,,8.55,1,1,133.95,,133.95,133.95,,4.19,Samsung:1; QNAP/Synology:1; Micron:1,2666:2; 2133:1,0,0,0,,,,
ddr4,udimm-ecc,32,kit,4,4,249.95,256.21,278.0,278.0,351.5,8.69,7,5,96.19,113.69,132.69,132.69,228.08,4.15,G.Skill:3; QNAP/Synology:2; Samsung:1; SK Hynix:1,2666:6; 3200:3; 2133:1,0,0,0,,,,
ddr4,udimm-ecc,64,kit,1,1,489.0,,489.0,489.0,,7.64,28,3,406.19,,436.5,436.5,,6.82,Micron:13; SK Hynix:13; Samsung:3,2133:24; 2666:3; 3200:1,0,0,0,,,,
ddr4,udimm-ecc,128,kit,0,0,,,,,,,25,1,639.2,,639.2,639.2,,4.99,Micron:13; SK Hynix:12,2133:25,0,0,0,,,,
ddr5,server,4,kit,0,0,,,,,,,1,1,2076.0,,2076.0,2076.0,,519.0,HP:1,,0,0,0,,,,
ddr5,server,16,1x,5,2,239.0,,490.0,490.0,,30.62,0,0,,,,,,,other:2; Kingston:2; Micron:1,5600:3; 4800:2,0,0,0,,,,
ddr5,server,32,1x,56,10,489.0,935.0,980.0,1071.06,1464.06,33.47,1,1,1039.19,,1039.19,1039.19,,32.47,other:37; Micron:9; Samsung:5; Kingston:3,4800:42; 5600:11; 6400:2,0,0,0,,,,
ddr5,server,48,1x,0,0,,,,,,,1,1,971.19,,971.19,971.19,,20.23,SK Hynix:1,5600:1,0,0,0,,,,
ddr5,server,64,1x,39,4,2750.0,2906.14,3490.27,3490.27,4571.5,54.54,1,1,2195.0,,2195.0,2195.0,,34.3,other:32; Samsung:4; Lenovo:1; Kingston:1,4800:34; 5600:3; 6400:2,0,0,0,,,,
ddr5,server,64,kit,0,0,,,,,,,1,1,9506.19,,9506.19,9506.19,,148.53,other:1,4800:1,0,0,0,,,,
ddr5,server,128,1x,0,0,,,,,,,2,1,4909.98,,4909.98,4909.98,,38.36,Supermicro:2,,0,0,0,,,,
ddr5,server,128,kit,33,2,3499.0,,6749.0,6749.0,,52.73,0,0,,,,,,,other:28; HP:4; Kingston:1,4800:32; 6000:1,0,0,0,,,,
ddr5,server,256,1x,1,1,9200.0,,9200.0,9200.0,,35.94,0,0,,,,,,,SK Hynix:1,5600:1,0,0,0,,,,
ddr5,server,256,kit,50,1,15000.0,,15000.0,15000.0,,58.59,0,0,,,,,,,other:46; HP:4,4800:50,0,0,0,,,,
ddr5,server,512,kit,20,1,29999.0,,29999.0,29999.0,,58.59,0,0,,,,,,,other:19; HP:1,4800:20,0,0,0,,,,
ddr5,sodimm,8,1x,233,37,75.19,102.34,86.8,139.12,181.47,17.39,13,13,58.0,90.97,86.8,100.0,119.0,12.5,Samsung:118; other:50; Kingston:23; Crucial:12,4800:191; 5600:41,8,6,10,0.0,0.1,AT:94; IT:91; ES:94; NL:94; GB:108; US:131,1.05
ddr5,sodimm,12,1x,0,0,,,,,,,2,2,116.19,,126.19,126.19,,10.52,Ramaxel:2,4800:1,0,0,0,,,,
ddr5,sodimm,16,1x,344,40,155.19,211.22,180.0,254.45,309.7,15.9,17,17,149.0,178.59,171.19,199.0,205.99,12.44,other:97; Samsung:94; Kingston:48; Lenovo:41,4800:160; 5600:158; 6400:5,8,6,2,0.0,0.0,AT:175; FR:367; IT:177; ES:182; NL:182; GB:223; US:269,0.97
ddr5,sodimm,16,kit,10,4,256.19,257.14,279.5,279.5,336.86,17.47,11,11,150.0,171.19,171.19,181.19,205.19,11.32,Samsung:12; other:3; Crucial:3; Kingston:2,4800:11; 5600:10,0,0,0,,,,
ddr5,sodimm,24,1x,9,8,285.0,317.14,320.0,339.9,369.24,14.16,0,0,,,,,,,Lexar:6; Crucial:2; Corsair:1,5600:8; 4800:1,0,0,0,,,,
ddr5,sodimm,32,1x,223,38,301.19,374.29,328.82,470.98,604.45,14.72,12,12,250.0,311.14,305.19,353.49,404.39,11.05,Samsung:64; Kingston:54; other:31; Lenovo:25,5600:159; 4800:48; 6400:3,8,5,0,0.0,0.0,AT:315; FR:555; IT:321; ES:315; NL:315; GB:416; US:441,0.96
ddr5,sodimm,32,kit,203,19,380.79,406.19,401.19,489.95,653.0,15.31,8,7,246.19,305.49,326.19,335.19,435.0,10.47,other:174; Crucial:13; Kingston:4; Samsung:3,5600:180; 4800:25; 5200:2,8,7,1,0.0,0.0,,
ddr5,sodimm,48,1x,46,10,435.19,848.73,849.98,1057.12,1194.62,22.02,1,1,759.0,,759.0,759.0,,15.81,other:33; Kingston:6; Crucial:5; Corsair:1,5600:44,0,0,0,,,,
ddr5,sodimm,64,1x,12,6,1127.52,1128.36,1298.0,1298.0,1431.87,20.28,1,1,675.0,,675.0,675.0,,10.55,Crucial:6; Kingston:5; G.Skill:1; HP:1,5600:7; 4800:6,0,0,0,,,,
ddr5,sodimm,64,kit,79,14,699.99,950.0,950.0,1151.32,1386.25,17.99,5,5,549.0,599.5,699.0,699.0,864.5,10.92,other:51; Crucial:10; Samsung:6; Kingston:4,5600:61; 4800:22; 6400:1,0,0,0,,,,
ddr5,sodimm,96,1x,0,0,,,,,,,1,1,1500.0,,1500.0,1500.0,,15.62,Crucial:1,5600:1,0,0,0,,,,
ddr5,sodimm,96,kit,31,4,2109.0,2109.0,2149.0,2149.0,2197.24,22.39,1,1,1005.49,,1005.49,1005.49,,10.47,other:23; Crucial:5; HP:3; Dell:1,5600:32,0,0,0,,,,
ddr5,sodimm,128,kit,2,2,2559.99,,2629.99,2629.99,,20.55,0,0,,,,,,,Crucial:2,5600:2,0,0,0,,,,
ddr5,sodimm-ecc,8,1x,4,4,176.78,176.8,178.4,178.4,195.58,22.3,1,1,95.0,,95.0,95.0,,11.88,Kingston:3; Samsung:1; SK Hynix:1,5600:5,0,0,0,,,,
ddr5,sodimm-ecc,16,1x,2,2,259.0,,292.91,292.91,,18.31,1,1,205.19,,205.19,205.19,,12.82,Kingston:2; Corsair:1,3200:1; 5600:1; 4800:1,0,0,0,,,,
ddr5,sodimm-ecc,24,1x,2,2,176.19,,385.09,385.09,,16.05,0,0,,,,,,,other:1; Corsair:1,5600:1; 5200:1,0,0,0,,,,
ddr5,sodimm-ecc,32,1x,5,4,525.0,538.76,677.52,677.52,1078.0,21.17,0,0,,,,,,,Kingston:4; SK Hynix:1,5600:5,0,0,0,,,,
ddr5,sodimm-ecc,32,kit,0,0,,,,,,,1,1,386.19,,386.19,386.19,,12.07,Crucial:1,5600:1,0,0,0,,,,
ddr5,sodimm-ecc,48,1x,2,1,1096.0,,1096.0,1096.0,,22.83,0,0,,,,,,,Kingston:2,5600:2,0,0,0,,,,
ddr5,udimm,8,1x,38,10,106.19,149.74,149.99,178.3,238.17,22.29,0,0,,,,,,,Samsung:25; Kingston:5; HP:2; Crucial:2,4800:32; 5200:1; 5600:1,0,0,0,,,,
ddr5,udimm,16,1x,79,17,186.19,236.99,218.36,274.99,332.51,17.19,4,4,175.19,180.44,207.89,207.89,734.54,12.99,other:25; Samsung:21; Kingston:9; Lexar:5,4800:31; 5600:29; 6000:2,0,0,0,,,,
ddr5,udimm,16,kit,77,14,253.97,293.77,293.1,321.6,357.04,20.1,0,0,,,,,,,Kingston:49; Samsung:15; G.Skill:5; Crucial:3,4800:17; 5600:13; 6000:7,0,0,0,,,,
ddr5,udimm,24,1x,2,1,324.23,,324.23,324.23,,13.51,0,0,,,,,,,Corsair:2,,0,0,0,,,,
ddr5,udimm,32,1x,97,15,419.0,503.96,490.95,584.54,700.0,18.27,2,1,506.19,,506.19,506.19,,15.82,Samsung:28; HP:22; other:20; Kingston:8,4800:43; 5600:29; 6400:3,0,0,0,,,,
ddr5,udimm,32,kit,340,56,399.9,462.02,406.19,508.0,574.95,15.87,27,22,399.0,407.31,400.0,442.59,544.04,13.83,G.Skill:105; Kingston:77; Corsair:55; other:35,6000:144; 5600:41; 6400:41,8,8,69,0.05,1.1,AT:428; IT:420; ES:428; NL:428; GB:495; US:509,1.03
ddr5,udimm,48,1x,2,2,459.99,,703.75,703.75,,14.66,0,0,,,,,,,Corsair:1; Transcend:1,5600:1,0,0,0,,,,
ddr5,udimm,48,kit,35,16,496.19,574.5,549.0,767.92,1070.25,16.0,4,4,739.9,753.42,799.59,799.59,1018.79,16.66,Corsair:15; G.Skill:9; Kingston:5; Crucial:3,6000:7; 5200:6; 5600:5,0,0,0,,,,
ddr5,udimm,64,1x,10,4,735.0,889.49,1510.47,1510.47,2866.5,23.6,1,1,1399.0,,1399.0,1399.0,,21.86,Lenovo:5; Gigabyte/Aorus:4; G.Skill:1; Kingston:1,4800:1,0,0,0,,,,
ddr5,udimm,64,kit,286,37,750.0,971.0,841.19,1098.97,1284.93,17.17,22,17,620.0,708.05,676.19,855.19,967.1,13.36,G.Skill:115; Kingston:64; other:49; Corsair:34,6000:109; 5600:47; 6400:35,8,6,141,0.0,1.0,AT:803; IT:888; ES:803; NL:803; GB:1404; US:1056,0.95
ddr5,udimm,96,1x,1,1,2179.0,,2179.0,2179.0,,22.7,0,0,,,,,,,Kingston:1,6400:1,0,0,0,,,,
ddr5,udimm,96,kit,9,5,1536.99,1977.99,2421.99,2421.99,3769.28,25.23,3,3,1206.19,,1407.68,1407.68,,14.66,G.Skill:4; other:4; Corsair:2; Crucial:1,6400:7; 5600:1; 6000:1,0,0,0,,,,
ddr5,udimm,128,1x,1,1,2189.0,,2189.0,2189.0,,17.1,0,0,,,,,,,Corsair:1,6000:1,0,0,0,,,,
ddr5,udimm,128,kit,14,4,1809.0,2084.75,4874.51,4874.51,9208.51,38.08,2,2,2014.67,,2207.33,2207.33,,17.24,Kingston:6; other:5; Dell:2; Corsair:2,4800:7; 5600:4; 5200:3,0,0,0,,,,
ddr5,udimm-ecc,16,1x,1,1,328.94,,328.94,328.94,,20.56,0,0,,,,,,,Crucial:1,5600:1,0,0,0,,,,
ddr5,udimm-ecc,16,kit,1,1,341.42,,341.42,341.42,,21.34,0,0,,,,,,,Kingston:1,5600:1,0,0,0,,,,
